Metric,Group_A_Reports_PSNR,Group_B_No_PSNR
n,24.0,24.0
LMIC_Score_mean,3.2916666666666665,3.2083333333333335
LMIC_Score_median,3.0,3.0
LMIC_Score_std,0.9545846657358219,0.9315329426211432
Code_Available_%,20.833333333333336,8.333333333333332
Low_Field_%,29.166666666666668,12.5
Year_mean,2022.0,2022.625
Year_median,2021.5,2023.0
Reports_SSIM_%,83.33333333333334,8.333333333333332
Clinical_Validation_%,25.0,58.333333333333336
