Domain,Max_Possible,Mean,Median,Std,Min,Max
Reporting Quality,3,1.5,1.0,0.9723448696087954,0,3
Validation Quality,3,0.9821428571428571,1.0,1.05297969295055,0,3
Reproducibility,3,1.4642857142857142,1.0,0.6595945232223621,0,3
Total Quality,9,3.9464285714285716,4.0,1.4575152312585447,0,7
