Year,N_Papers,LMIC_Score_Mean,LMIC_Score_Median,Pct_Low_Field,Pct_Code_Available,Pct_Clinical_Validation
2020,6,2.1666666666666665,2.0,0.0,0.0,0.0
2021,11,3.272727272727273,3.0,18.181818181818183,9.090909090909092,27.27272727272727
2022,8,3.125,3.0,37.5,0.0,50.0
2023,13,3.4615384615384617,3.0,23.076923076923077,30.76923076923077,46.15384615384615
2024,11,3.6,4.0,54.54545454545454,9.090909090909092,45.45454545454545
2025,2,3.5,3.5,50.0,50.0,100.0
