Year,N_Papers,LMIC_Score_Mean,LMIC_Score_Median,Pct_Low_Field,Pct_Code_Available,Pct_Clinical_Validation
2020,6,2.1666666666666665,2.0,0.0,0.0,0.0
2021,12,3.25,3.0,16.666666666666664,8.333333333333332,33.33333333333333
2022,10,2.888888888888889,3.0,30.0,10.0,40.0
2023,15,3.2857142857142856,3.0,20.0,33.33333333333333,40.0
2024,11,3.6,4.0,54.54545454545454,9.090909090909092,45.45454545454545
2025,2,3.5,3.5,50.0,50.0,100.0
