Domain,Max_Possible,Mean,Median,Std,Min,Max
Reporting Quality,3,1.5686274509803921,1.0,0.9644667326721915,0,3
Validation Quality,3,1.0392156862745099,1.0,1.0575591579429582,0,3
Reproducibility,3,1.4705882352941178,1.0,0.5423261445466403,0,2
Total Quality,9,4.078431372549019,4.0,1.2937254307603592,0,7
