Domain,Max_Possible,Mean,Median,Std,Min,Max
Reporting Quality,3,1.5833333333333333,1.0,0.9186792863702076,0,3
Validation Quality,3,1.0625,1.0,1.0600331187118437,0,3
Reproducibility,3,1.4791666666666667,1.0,0.5048523413086471,1,2
Total Quality,9,4.125,4.0,1.1227815005032549,2,7
