Year,N_Papers,LMIC_Score_Mean,LMIC_Score_Median,Pct_Low_Field,Pct_Code_Available,Pct_Clinical_Validation
2020,6,2.1666666666666665,2.0,0.0,0.0,0.0
2021,11,3.272727272727273,3.0,18.181818181818183,9.090909090909092,27.27272727272727
2022,7,3.142857142857143,3.0,28.57142857142857,0.0,57.14285714285714
2023,12,3.5,3.5,25.0,25.0,41.66666666666667
2024,10,3.6,4.0,60.0,10.0,50.0
2025,2,3.5,3.5,50.0,50.0,100.0
