Fleiss_Kappa,Interpretation,P_bar,P_e,SE,CI_95_Lower,CI_95_Upper,Z_statistic,p_value,N_subjects,n_raters,k_categories,Categories
0.6974789915966388,Substantial,0.7777777777777778,0.2654320987654321,0.1985044001851717,0.3084103672337023,1.0865476159595753,3.513670180338605,0.000441961205476904,9,2,4,"[np.int64(1), np.int64(2), np.int64(4), np.int64(5)]"
